{
  "name": "mywallet",
  "isExtPubKeyWallet": false,
  "encryptedSeed": "6PYWXw8TCtaDDL3mDjYt93zE3EGY7YCSsZ4azwxU7grF8uTGMJNkxCjKhL",
  "chainCode": "QLWsyTAeUhl1Y2x2wZiLZCjRd17p8Z6D8AM+RvvVbXM=",
  "blockLocator": [
    "65f3145723ed87396f08818897128bf8a24dc968352cce56537d52b4b5522294",
    "51ac53fefb94d058b0a6a6a2b927e87f1408946749bfd9ff391329f603beec9f",
    "0d66d481d9622871f400e4a157d7887c35c00967012c6ef48d8f83feef8819c1",
    "32792abe765173b9bb1fe9f95fa67f9496be8ff2f3b78f00b9785001c7198b4b",
    "7bbf104f6bd16c90af64d1b3f0feb72b91a02dc481eb6d8ba995c68ace07a7d6",
    "04982fc3be9dd12c9c20fdd6ef013d934b95c587ec41979b1c478234a07b2675",
    "031590bd132ef43777dee50331af4f7071c1cc4f74ec397678950c6e95151833",
    "764bc4d7e7cebf7d932c91dc6ac3b93deedf7384a20a1de8bebaa40368aa6424",
    "25d2ea887620848978aebbf0059f24d5b22e3c1d6043a963166c94f7ddc5cbb0",
    "14511c1ec99fbf14bc121cff2b4eeed04eae6e0763e4c5853161045ebbef9a77",
    "08dcc1ef5e03864570cb6e15769be841bbb857f6ce22fa455030c92a38adf74f",
    "602757cc7499882979d339746cccaf1b8ccdbf8b52f913ab7fc347aa7fa7fb42",
    "15d5b29176fd221651438265fa287a5c9984e57274105b3f1499cb34e2a716be",
    "10dfd245379f883a0f3d73db40145d0102700d7b5169177c894245907f59365b",
    "44f9b30f64e6d121696b90fc576c3a8ab65b84436c709f4d8851d2fe2ce0b618",
    "1d07cd1005fa035dc7804019e80590b56af6fc5742d2b03c0deeaa81c3b8a8e1",
    "413c8126e5c7f09db80623c5cf7b30b90d038bde0a974b4e3a1cf66ae1d19d36",
    "0f9188f13cb7b2c71f2a335e3a4fc328bf5beb436012afca590b1a11466e2206"
  ],
  "network": "RegTest",
  "creationTime": "1547208112",
  "accountsRoot": [
    {
      "coinType": 0,
      "lastBlockSyncedHeight": 100,
      "lastBlockSyncedHash": "65f3145723ed87396f08818897128bf8a24dc968352cce56537d52b4b5522294",
      "accounts": [
        {
          "index": 0,
          "name": "account 0",
          "hdPath": "m/44'/0'/0'",
          "extPubKey": "tpubDDXJqLKSSHA9zB5xSStSNKjVUjapYRmgdV6p255hFXk5hQJnjxdQJXf6SMJgh9fKSXPvqnfYaCKDixZm2xSJ6vnX4Q2HFJUpq2ijNVudT5N",
          "creationTime": "1547208112",
          "externalAddresses": [
            {
              "index": 0,
              "scriptPubKey": "76a914edc6c3305d2cd2be92490e65bbea34161a7e22f988ac",
              "pubkey": "21026579eeb344419729f2fa6a2ffbd014c806653d442ca7837788ea698b7db77a87ac",
              "address": "n3CCYmvp7MmQA7dFpdAUxp16g2zARsLFew",
              "hdPath": "m/44'/0'/0'/0/0",
              "transactions": []
            },
            {
              "index": 1,
              "scriptPubKey": "76a9143003f45aa6471590dfc6c4900f78f09b532320f788ac",
              "pubkey": "210229fa7412235aaf14e27666d168c4577bfaae1a2c1bac6c17c2e27abebf80ce11ac",
              "address": "mjtqU2TUX9DSwvcRQa7LqnweTtzPCytpDG",
              "hdPath": "m/44'/0'/0'/0/1",
              "transactions": []
            },
            {
              "index": 2,
              "scriptPubKey": "76a9144bc1c4b3164f73f2f659953e3c30b6391b12ea0e88ac",
              "pubkey": "21027d76df5f518a227c7ffffa55f9573cfb8db8b97792e050c06ad4ed882ae21beeac",
              "address": "mnRX6hiY6Q1Fvtz6pJZrG6HxkFgHy61Rs1",
              "hdPath": "m/44'/0'/0'/0/2",
              "transactions": []
            },
            {
              "index": 3,
              "scriptPubKey": "76a91401122a8adf8d4bf60955a7b9723a54667b03f35b88ac",
              "pubkey": "2103e63ca751a609ad4228acb51e74da31c1fd16c2fc504e93d2c5269cfd5188c55bac",
              "address": "mfccjTJRiGLZe4bEC4fTwxL2hi3zoHvKnF",
              "hdPath": "m/44'/0'/0'/0/3",
              "transactions": []
            },
            {
              "index": 4,
              "scriptPubKey": "76a9144133957f5c59e638b69365a9999981d98bc7847488ac",
              "pubkey": "210307610669741fff0e4d49cedca64a988bde326bb11c1f64b8fd8bff5accef9de1ac",
              "address": "mmTi1e6XC3xNFfjN8TURFBKFmy3QsMsJKn",
              "hdPath": "m/44'/0'/0'/0/4",
              "transactions": []
            },
            {
              "index": 5,
              "scriptPubKey": "76a914f89479e5de4240fcc0a97b73f4ba56817ee4c4b588ac",
              "pubkey": "210359719a0e3f0754a30833da1b7af4fe7aa7c65963d2178e8c22fcb402ecbc2028ac",
              "address": "n4BKjw3nkKh5Y68munKEerravEdaFAzQ5K",
              "hdPath": "m/44'/0'/0'/0/5",
              "transactions": []
            },
            {
              "index": 6,
              "scriptPubKey": "76a9144e16354c108966a93159d3ae940bb3a4053843b788ac",
              "pubkey": "2102e9c8e5e9c4be4bff94764567f93349e430d45417d86c7e1bbe68221a7601dfbfac",
              "address": "mndqc4xS3eeGi4JKMHFyv9U5BFdwJctnnH",
              "hdPath": "m/44'/0'/0'/0/6",
              "transactions": []
            },
            {
              "index": 7,
              "scriptPubKey": "76a914fcc205aa9d961bc07511f31be322db6cf853c47388ac",
              "pubkey": "2102124730f6eb34d8b298a9fd1ff05c525901e267e70d0c1312fa1c3fa5f459469aac",
              "address": "n4ZR1HkFs4ssJjUVCfd9GwmzWqWx6Dd4iE",
              "hdPath": "m/44'/0'/0'/0/7",
              "transactions": []
            },
            {
              "index": 8,
              "scriptPubKey": "76a914dd0bc3964831f0294dda8ea7f84a6822ba1d71bd88ac",
              "pubkey": "2103e90d5441d31632d7ff74a13b1ee5087a5583f95c2f3c324571f6f27c26542d1aac",
              "address": "n1fjiptKmWD5m2a3C1hDWmMMCmgzvG8NVW",
              "hdPath": "m/44'/0'/0'/0/8",
              "transactions": []
            },
            {
              "index": 9,
              "scriptPubKey": "76a91411f3970f3c7d8e81f1cecb8fe3b4091e7f0e501788ac",
              "pubkey": "2103d19aba929fddfb9802da247c886c6710a2628acc58425786ca27dace77d97a8bac",
              "address": "mh9sbFURnkiTMPRnkbuX9fGTi9dThvdEkf",
              "hdPath": "m/44'/0'/0'/0/9",
              "transactions": []
            },
            {
              "index": 10,
              "scriptPubKey": "76a914067a9c09bbfdbab0a1eb84d67f995ee2204bc9d188ac",
              "pubkey": "210251f77d89eeec17f4bfc3aeae5aa49b3f4283dc7b5db488014a3161b25c3f4cc2ac",
              "address": "mg7DEGGWZdgaA8cNkwME4vzaPrf9fWq3gf",
              "hdPath": "m/44'/0'/0'/0/10",
              "transactions": []
            },
            {
              "index": 11,
              "scriptPubKey": "76a91492a31327d1cf5e295454f315681fd6236884f16e88ac",
              "pubkey": "210206365a94e7eaf38d9f99e516ad7264560c088e91f52842168e02432d9bb40ffdac",
              "address": "mttJJhV92eFH9FJDg3Lm41rZeAbEoC2KdA",
              "hdPath": "m/44'/0'/0'/0/11",
              "transactions": []
            },
            {
              "index": 12,
              "scriptPubKey": "76a914ec95ae0ed348b9c950c5bab226090ea58d9bd6dd88ac",
              "pubkey": "21038bd642cf8f1a69abb7957826f6b255cd5b9e5b1593a4e7eda648a5c7dfce98eeac",
              "address": "n35u5GYFnNYLtJaidagN2XWv45nPMHvrvA",
              "hdPath": "m/44'/0'/0'/0/12",
              "transactions": []
            },
            {
              "index": 13,
              "scriptPubKey": "76a914261d1b5f791be61a5bdb9c76e041b372ef541c3688ac",
              "pubkey": "2103a535286015da5dfb12b2d699d2a03e06bdb8a6ae5208405fa5dd7588ecd82840ac",
              "address": "mizUqjByyDMJG6xfCwBq2p2Z4nZSqJroK7",
              "hdPath": "m/44'/0'/0'/0/13",
              "transactions": []
            },
            {
              "index": 14,
              "scriptPubKey": "76a9149b3e9fac94a1c182cc223fde5bfd4f7898a0caf388ac",
              "pubkey": "2103c1493251b4b38a0bcca8dbc68242e4430e5bef78540eae82951f5227054fbce4ac",
              "address": "mufp3xfdszsYqKEfY6GSSnstir3FT2cVPq",
              "hdPath": "m/44'/0'/0'/0/14",
              "transactions": []
            },
            {
              "index": 15,
              "scriptPubKey": "76a91466a662560d15c02c8492917d728f36541eb002d488ac",
              "pubkey": "21022461c252e1aa5ba7a7acf38549512e9d47bbaee2c2875554e5fc49c8bbc703dbac",
              "address": "mpsiYC7cL5wXS7159fyjBUaKSaqL2VKsBB",
              "hdPath": "m/44'/0'/0'/0/15",
              "transactions": []
            },
            {
              "index": 16,
              "scriptPubKey": "76a91428458a35ec4a3758679d0b2f17645dfd19bd36d588ac",
              "pubkey": "21031a9e6fae324c96fe31eeae36eb5d2d424f230d22568a66f0662fdb624bf6e6ffac",
              "address": "mjBtdSf6FMzAjqdc7aZHEMbtHJ2TjUCuk1",
              "hdPath": "m/44'/0'/0'/0/16",
              "transactions": []
            },
            {
              "index": 17,
              "scriptPubKey": "76a91493acd818255fde139d551e8f0048edc6a44f657688ac",
              "pubkey": "2102322a24b553da63543cb52b404d42eaf5fa953036b0ca0a4e1c6b840e205ba9dbac",
              "address": "mtyngfzAMFM3a7kQEQ7Eec3wjMSqtejkEr",
              "hdPath": "m/44'/0'/0'/0/17",
              "transactions": []
            },
            {
              "index": 18,
              "scriptPubKey": "76a914d7841d583a56748d3df963b8987af8f2a7a3b01888ac",
              "pubkey": "210287f8eea424048f2ec97bdda76eddd32f665a56880473bf16ace601dc1259720bac",
              "address": "n1AVqnMcjbxTE3QP2FvLftCj9fPLkqxq2B",
              "hdPath": "m/44'/0'/0'/0/18",
              "transactions": []
            },
            {
              "index": 19,
              "scriptPubKey": "76a9142065097a89d89a5fe299d9cf2a427e6a3710cc2288ac",
              "pubkey": "210249fcd2b610f8cebc94fb48459935d2932b5aaccf0b32f454d78ad0e34e914e24ac",
              "address": "miUExNJzqX33hGQtoPFHi7Vom2bGhyYkJu",
              "hdPath": "m/44'/0'/0'/0/19",
              "transactions": []
            }
          ],
          "internalAddresses": [
            {
              "index": 0,
              "scriptPubKey": "76a914e8afcad047bcebab081022a13839e57689f068a288ac",
              "pubkey": "2103f732b2d2fb407c47efe2a86cc01d27e5be975fe8203bbf8288bdedd28be783f1ac",
              "address": "n2jHepNwzTSzmZKt4Smx3ijMFWpZDaUZ7j",
              "hdPath": "m/44'/0'/0'/1/0",
              "transactions": []
            },
            {
              "index": 1,
              "scriptPubKey": "76a91417e01717c0189663838d2b430349e9f9d759a4c788ac",
              "pubkey": "2102913653666cafea69f3bf5f82962f6195f45e17465651896f67fd5f2e1e9d2c44ac",
              "address": "mhhCHXVkjc7vQ1fGfxfv69xvy1pxSga5Vw",
              "hdPath": "m/44'/0'/0'/1/1",
              "transactions": []
            },
            {
              "index": 2,
              "scriptPubKey": "76a914b63b72a0c76ef7d9b2bc3bbe5a385be00cae480588ac",
              "pubkey": "210334796ee90c50b7ce452bc09fcfcfe6d0b17adb5eb5abcf5c6cf76be096ff9372ac",
              "address": "mx8WVUEU7beQktmh1tRiZru2trUATrJrPp",
              "hdPath": "m/44'/0'/0'/1/2",
              "transactions": []
            },
            {
              "index": 3,
              "scriptPubKey": "76a9140e8e1de668ec215a64b53347eaf80bcae5c256b788ac",
              "pubkey": "2103dd7b3efa6f3bc456c5199774735c816723a2eb9cfa76fc346da2a28bbbcfe337ac",
              "address": "mgqv1Br4cAkxqhibv37spH2A9FWKdQ4mcY",
              "hdPath": "m/44'/0'/0'/1/3",
              "transactions": []
            },
            {
              "index": 4,
              "scriptPubKey": "76a914b76a23b2d130639f11c15b7581978d2d8d11e48888ac",
              "pubkey": "2103838038d1dcb457a8b99c7870a043589e913c9b5c853c589a28f81604e71f6eeeac",
              "address": "mxEm6rfSjKN5Q372KJu9d6dJWswi3n8mha",
              "hdPath": "m/44'/0'/0'/1/4",
              "transactions": []
            },
            {
              "index": 5,
              "scriptPubKey": "76a914b3aa942f6e140d1333618f680bfcb549f76ec2ad88ac",
              "pubkey": "2103312d2f780744852182c9973f9e89ff631e6563ee8eb9d12ebcbfd3837faebe17ac",
              "address": "mwtwbRBvHAFDM2jwUZTXP8XwkGCLT8wo5T",
              "hdPath": "m/44'/0'/0'/1/5",
              "transactions": []
            },
            {
              "index": 6,
              "scriptPubKey": "76a9149933a4068dcc7cacfe2b1f73d4eb2c673ca3023388ac",
              "pubkey": "21023d74b5c65f4d5b1aeffc3c9b5493ff36dedde83645e440f1d475d33c096d42b2ac",
              "address": "muV1YTu1EDQncR4Pb3Kkp3HpT9knk1tpzk",
              "hdPath": "m/44'/0'/0'/1/6",
              "transactions": []
            },
            {
              "index": 7,
              "scriptPubKey": "76a9148337823e112e7075c1c0d87096ffb14ca34cf77a88ac",
              "pubkey": "21039896f41347a1d0693a3a16eda62afef2c672c4915148f645aa170e496570d401ac",
              "address": "msUmJzxNZimpc2w39JhbUxnn1wxYPPGSYM",
              "hdPath": "m/44'/0'/0'/1/7",
              "transactions": []
            },
            {
              "index": 8,
              "scriptPubKey": "76a91460069f3e9a253c73675a96608bd5f0926f72555c88ac",
              "pubkey": "2102216138e93cfc480cbf3f47b1049525cda7549d470f33969df783f846b7ea6269ac",
              "address": "mpGh6aTsgz4yzGYkff1vhfmroQvXCY1oUu",
              "hdPath": "m/44'/0'/0'/1/8",
              "transactions": []
            },
            {
              "index": 9,
              "scriptPubKey": "76a9149502bbc68109d5abb6bd3a382609269a2f7111a988ac",
              "pubkey": "2102e4cf6f3ef55cecd591542a6a4372cb268b3b94b93a59b724d452e271a4471060ac",
              "address": "mu6rFZdsgbqp3ch33jDfTwZbw7aXdrcw4b",
              "hdPath": "m/44'/0'/0'/1/9",
              "transactions": []
            },
            {
              "index": 10,
              "scriptPubKey": "76a9142b17a9e460a138223d933287a170fdc42d2e898288ac",
              "pubkey": "2103fc40315b4b5c6ea7e5e5666f347571a96e5c42336b16d73f6343c108d2313b7bac",
              "address": "mjSohUsT8UvcjRLbm8y5CVjg6bwx18RAFY",
              "hdPath": "m/44'/0'/0'/1/10",
              "transactions": []
            },
            {
              "index": 11,
              "scriptPubKey": "76a914958958088890b4b8461006bcffb618a1a8c2672388ac",
              "pubkey": "210390e26c4d5af769c9117b271c5f5c631aefd14de664c6294ca331c888389b3db3ac",
              "address": "mu9dWTT65T6hd7eifxKnfm3vMRaTCaumaX",
              "hdPath": "m/44'/0'/0'/1/11",
              "transactions": []
            },
            {
              "index": 12,
              "scriptPubKey": "76a91441c21d454308df932caf0011e08072e8de3029c888ac",
              "pubkey": "21033cd14b47bd291a7eea2d7d61fdc4a1551575362a0a6595dd953ca8fecd1b97f7ac",
              "address": "mmWekpj3Ca1VMfKxLAWuGQ5CF2ZeNSsXyQ",
              "hdPath": "m/44'/0'/0'/1/12",
              "transactions": []
            },
            {
              "index": 13,
              "scriptPubKey": "76a914dab3fb8905f032cf1fd09e7eacc8cf63ff445c0688ac",
              "pubkey": "21036b7fcbb3ef4b308c8b19b17563e48f1dedc9ad8818d3a0be4d7ffc6b70380daaac",
              "address": "n1TMDHDwUhM2wrQLR1voDGBpWzBWWUgHUV",
              "hdPath": "m/44'/0'/0'/1/13",
              "transactions": []
            },
            {
              "index": 14,
              "scriptPubKey": "76a91409f26e5b108e6218551ea78db6c727a46cb0fab788ac",
              "pubkey": "21027543227142eb9883bf2731ae235e9a372975f4a2a356fa54f3d0668720c303aaac",
              "address": "mgRYoBoRNvEKVTqvVR8cRZCzxW84JJhDKC",
              "hdPath": "m/44'/0'/0'/1/14",
              "transactions": []
            },
            {
              "index": 15,
              "scriptPubKey": "76a9148c6016952448162c26d72b244abc74346c7b99ee88ac",
              "pubkey": "21030131414312e4f8d8a32babb6575bf5e7cfc2a29d7bc1d0d15e53b93cfceab16cac",
              "address": "mtKC1EfRuTt2gfUnSQi8JySkZsNFEaBsKK",
              "hdPath": "m/44'/0'/0'/1/15",
              "transactions": []
            },
            {
              "index": 16,
              "scriptPubKey": "76a914818a88657e2366f9471722a6efc8c3b2bdd44b1788ac",
              "pubkey": "2102a8b07a384156e87d822b3c8344d1040f1e8ecf76e3dc41d485c9ee40735df0deac",
              "address": "msKuREANdv7g5AU61ZhjGjj5GRTgmSoD7W",
              "hdPath": "m/44'/0'/0'/1/16",
              "transactions": []
            },
            {
              "index": 17,
              "scriptPubKey": "76a914b801e7fc7d7d6ef2b18ff9ab671ac8ca9329170488ac",
              "pubkey": "2103d26e61ba98ae1e80416b42238523c52d15b7d9e46afaa0f8c5c1069234f9a555ac",
              "address": "mxHtuo6tFnMMCvcEp332GwUunExi5PMsKi",
              "hdPath": "m/44'/0'/0'/1/17",
              "transactions": []
            },
            {
              "index": 18,
              "scriptPubKey": "76a914520f4bc470a033c952c9ce8f3610c95c62bcacc888ac",
              "pubkey": "210289a25e186678e313ed242d0498284ac6300ccdeef304db16aca0badef10586e1ac",
              "address": "mnzr2ZotHYng9AjYE6mBsV9EAtGDKVyLhk",
              "hdPath": "m/44'/0'/0'/1/18",
              "transactions": []
            },
            {
              "index": 19,
              "scriptPubKey": "76a914cb264865bc2bebf77902c6a2aad1d3513e224dc288ac",
              "pubkey": "210379f7d05601c384ba43d9aac12a4b8c944ac13bfa189192b21af0754d85da247dac",
              "address": "mz37KvyGQH9mvmV4Xi8RqVpruyV3UWP5o1",
              "hdPath": "m/44'/0'/0'/1/19",
              "transactions": []
            }
          ]
        }
      ]
    }
  ]
}