{
  "name": "mywallet",
  "isExtPubKeyWallet": false,
  "encryptedSeed": "6PYPZ61DzUQzz89497b2zzGSAYLPQqdfShtXgSLK2uktnGr3EC1SmJPMjv",
  "chainCode": "QLWsyTAeUhl1Y2x2wZiLZCjRd17p8Z6D8AM+RvvVbXM=",
  "blockLocator": [
    "2aa9bac13f4849d779072c941215aa4af13c52f1f0db54e6ba4310eb349d3537",
    "e8d66a1218896720d0a3efc6f2555d4b989a3bded2e24bca9877e8cc41a1bc2e",
    "d49820073257349a4066a113cf4f17a0d319691c01db68d14ce94c30920781e1",
    "e6f35f12a80baad99d4f464ff2b5afd6596f6d6edb661052b07aacd7daa60321",
    "74103dbb2572a15218650042031acc7486bcdf345d7728c8699084777e0e28cc",
    "b80f51b3ed581eefa86f132de59ef0b5ea43e33d3a8bb33120109fb40e9a2139",
    "8e9c135d8a2f7a7055bf84be29a4119d83c72be1358487e8702cb94d113f34a3",
    "04715848b167b8d2324813d3bb459e8f9366856182a4e4c84ab56d08e5ea8e4e",
    "c2f560cdeab214116cc821180a32cce6c79a46644543cb1d0b2606ac45206fe9",
    "3042913a7dfaf36357180d3bb82d49b1109935be95abb72f05e6b893c472c19d",
    "4d6e847cdfdd491520420aa1efdc208f763dbd3707663dbe9c9630c51cc2cd8e",
    "04baf9e8e7b5c03b95d9b0b399f0657af8fb7f06bbe414e55882d12def9b0e16",
    "2a7b5c7fd534864776124d816dbb8fb4e29a74bebfb8c1d059e2f9a9e382b7ab",
    "fd9db814976054af4f68fbfbf06c8bc3bd1e721dccbd8928faec1e253d090623",
    "62ce89e9f03d7fff4127cc519bf60a7136b9034af7181728172434279a2f8d8a",
    "856bc99b1e323bba21d8e93c4dc18e1939bbb9bf25d04a204b058d6507fdda64",
    "7473ab175e509ef0ee6f3703daf62e528929be0346ce2b33ef43b2b02a0426cf",
    "93925104d664314f581bc7ecb7b4bad07bcfabd1cfce4256dbd2faddcf53bd1f"
  ],
  "network": "StratisRegTest",
  "creationTime": "1547206826",
  "accountsRoot": [
    {
      "coinType": 105,
      "lastBlockSyncedHeight": 100,
      "lastBlockSyncedHash": "2aa9bac13f4849d779072c941215aa4af13c52f1f0db54e6ba4310eb349d3537",
      "accounts": [
        {
          "index": 0,
          "name": "account 0",
          "hdPath": "m/44'/105'/0'",
          "extPubKey": "xpub6D1YsJfMT7uNqvj2SaSx4Yf5nSWr6DBpCGnyjQkBKcFuQBcJCiM2Gvam11fRdJ6S7jESQ3mckBXCUjawBFvPnGYigkjBCij2yntzPYvLwzK",
          "creationTime": "1547206826",
          "externalAddresses": [
            {
              "index": 0,
              "scriptPubKey": "76a914570fe303024dc1cc847d5d50e929b2e180f8be0d88ac",
              "pubkey": "2103097672be16c4bc459ffdb29849133dada5c050791288790634a1ec7f60ad4109ac",
              "address": "THuYpabPqE2n6Dp25e5sZZjmHqpiNg519j",
              "hdPath": "m/44'/105'/0'/0/0",
              "transactions": []
            },
            {
              "index": 1,
              "scriptPubKey": "76a9145b5b9247204f2993eb92dd38de765ffefd88d15688ac",
              "pubkey": "2103ca796f20a290c644a9b175553465b9cb895121a6147bd944ff16f8892a11a521ac",
              "address": "TJJGC1Qb8hMS2rP2Xq1RgCrLwP1qXZr6qK",
              "hdPath": "m/44'/105'/0'/0/1",
              "transactions": []
            },
            {
              "index": 2,
              "scriptPubKey": "76a91498427b5f5bef4d686324b07e0fa195a9c96f2c6088ac",
              "pubkey": "21034cc1119b5a8a697b3181e0254e6a74091bc0389ad1e0014fbbf6a745c9d4e571ac",
              "address": "TPrHMTmLD3svCRX48Eg67EgfyfJQEtEtrf",
              "hdPath": "m/44'/105'/0'/0/2",
              "transactions": []
            },
            {
              "index": 3,
              "scriptPubKey": "76a914ef936d5d517742947714cd70ae8686e1f5ef1c0288ac",
              "pubkey": "210216783232f5913ca8d62d9cfa89f75f135a50a3fa8231f130b5a9b2868b9c98b3ac",
              "address": "TXoy7KzXyfp2cMepHV54JTMwqD4Ytt3BK6",
              "hdPath": "m/44'/105'/0'/0/3",
              "transactions": []
            },
            {
              "index": 4,
              "scriptPubKey": "76a9145ee8702296389ec38d32b4e1065ce2b83ba6cf8a88ac",
              "pubkey": "2103992fa44509c5a5560ccc340753ccf442955459a278a9d04da67ae5ee484b64ecac",
              "address": "TJd2yAic8KUX4V4uWmmghHE86gneNdXbcs",
              "hdPath": "m/44'/105'/0'/0/4",
              "transactions": []
            },
            {
              "index": 5,
              "scriptPubKey": "76a91428daccd508d385d44923bf307aa8c01a28a7550c88ac",
              "pubkey": "2102b907945408dfb84c7bb0d0addd94808ed6b80caff0b1e886be6f95f2322ce380ac",
              "address": "TDhE9ENu3wN6JbFEmzA9yaSD2x37ny1sKh",
              "hdPath": "m/44'/105'/0'/0/5",
              "transactions": []
            },
            {
              "index": 6,
              "scriptPubKey": "76a9149eebc71e94a73f0af78caacf40959a13de78de4188ac",
              "pubkey": "2103e01ae6dc29c0b77a7d9b8b11be12b441ff654e09204547de10aa2349d557b00aac",
              "address": "TQTWDVpQm2gHGHW5cn6QmgJeMjQ3CchUgg",
              "hdPath": "m/44'/105'/0'/0/6",
              "transactions": []
            },
            {
              "index": 7,
              "scriptPubKey": "76a914985f25e49dc52d02ca1b3deccd00c1e435d8941088ac",
              "pubkey": "2102a583d3ea2b9ccf67388dfe0444d734ee083b331e7908bb99976c236daa0dcd8bac",
              "address": "TPrshDa1ukmTcYVqJ7HQ2riyTcHHzQFzsg",
              "hdPath": "m/44'/105'/0'/0/7",
              "transactions": []
            },
            {
              "index": 8,
              "scriptPubKey": "76a9149f0df6dc196db0453f04b268176924a48a2683c888ac",
              "pubkey": "21021cb2015181daee215475e28f76dc5ec0e5ec618399dadb103049b0cfcd002615ac",
              "address": "TQUDApJP8THZbnzt99CPh8qVtj4kbT4MS2",
              "hdPath": "m/44'/105'/0'/0/8",
              "transactions": []
            },
            {
              "index": 9,
              "scriptPubKey": "76a914b3e4483f32cf752432f5fd2afe4d4723a787c92d88ac",
              "pubkey": "21035b4cde124373101fc29be4abe3033f806992bf3ba029306e8eed43a10f9aa95cac",
              "address": "TSNPRitJd1s7eDUP22ALMreJkBnXZUzd9Y",
              "hdPath": "m/44'/105'/0'/0/9",
              "transactions": []
            },
            {
              "index": 10,
              "scriptPubKey": "76a914bdb0eff8ef568c3fba8a83e7ddba1786df0d076888ac",
              "pubkey": "2103b5fecfa1d3ee3abe330a27fa8d1b7eefd2731d428f14cad06548cca6be43076aac",
              "address": "TTGCg96qiHvVKnknPrmP3Qe9LSojtL8SwV",
              "hdPath": "m/44'/105'/0'/0/10",
              "transactions": []
            },
            {
              "index": 11,
              "scriptPubKey": "76a91449eb06d4c61867671bf5e84dc08116ad84b9bd6c88ac",
              "pubkey": "2102fe9665c3057328436d000f8e4311d81dbffe4524edb9ea3013601126aba4dfa7ac",
              "address": "TGi3t185FTjBoVdk9XvCrLQyLP4dSHs6n8",
              "hdPath": "m/44'/105'/0'/0/11",
              "transactions": []
            },
            {
              "index": 12,
              "scriptPubKey": "76a914270d0ceaf374b06f4e810d14fa4557af403633ee88ac",
              "pubkey": "2103742234f0c05faa315e3374d5b30897f913b669e6d3d20849b0e5503a1ae694c4ac",
              "address": "TDXgzJV1r8LCbe6pXxUsgjbbVpQxuqbCQn",
              "hdPath": "m/44'/105'/0'/0/12",
              "transactions": []
            },
            {
              "index": 13,
              "scriptPubKey": "76a9142d3e8d5bf193169b0645284563f9f1b0c82930e488ac",
              "pubkey": "21030ffe9b0fd652f1cc40a11b7e9181738a8bcd826e1546b7b91c7911887ab1aad4ac",
              "address": "TE6SLtmPCaiua68YWaEmaMakSfkzmR7TyB",
              "hdPath": "m/44'/105'/0'/0/13",
              "transactions": []
            },
            {
              "index": 14,
              "scriptPubKey": "76a914de36efc46282da80480e23c229e8f23a2ac91d2a88ac",
              "pubkey": "210261d532d0fdc2e0f616af22c1e56de3dd575748e2cb4852cc617c11c82ff125efac",
              "address": "TWEAphw9QssfyZh3nhRGKHxAYamiUb8f1n",
              "hdPath": "m/44'/105'/0'/0/14",
              "transactions": []
            },
            {
              "index": 15,
              "scriptPubKey": "76a914ae1b0cb087e27e735ce27382154a26dcc47ca81888ac",
              "pubkey": "21024729efd13018e600b7e19dac37e38be1f06c8925adf4b0ca7ea01c12d514f555ac",
              "address": "TRqnysfyPSRbqTEhw3BfzFPAgh38tH7kSD",
              "hdPath": "m/44'/105'/0'/0/15",
              "transactions": []
            },
            {
              "index": 16,
              "scriptPubKey": "76a9145700185a7fb1bcaa0e8c32cc62742f1a7c89f6ce88ac",
              "pubkey": "21027041022b9b8e2ad6ca3cd7bafd0fb5f8bb8ad8cc4fda5e8d2f75e272c2117332ac",
              "address": "THuDuMikrPeWGLrjiCP6vh5BR7B4u5ASTK",
              "hdPath": "m/44'/105'/0'/0/16",
              "transactions": []
            },
            {
              "index": 17,
              "scriptPubKey": "76a91463e983fce052bcbb8ec5f22c1db692c162e7448b88ac",
              "pubkey": "21022b3ae3fab9937a4cbe45b8e355fb1f38176d02a2ee5ec6c6a18de438da93552bac",
              "address": "TK5Vdzn3pGFxbc4qaPxu2SEMHhonEeXKcB",
              "hdPath": "m/44'/105'/0'/0/17",
              "transactions": []
            },
            {
              "index": 18,
              "scriptPubKey": "76a9149562c933ebd3187752a5bbae6e4efa2b857e2ad888ac",
              "pubkey": "21036c7ee8f515ed170cf55b545856e1b61fa71b669eff3309639fda48ab13afbfe9ac",
              "address": "TPb62QihXQ1XvW9kpprQgjaN6N1ecxudzx",
              "hdPath": "m/44'/105'/0'/0/18",
              "transactions": []
            },
            {
              "index": 19,
              "scriptPubKey": "76a91487699e82c9de69155fa86167bee2cbd88d972e5488ac",
              "pubkey": "210237147572bdc453bbe5ba1380bf388286da9c3a1b05eabfbec79058dd71403cf6ac",
              "address": "TNKCkWH7YhvTqfGyRnhAZN7pV6VaUoJzXn",
              "hdPath": "m/44'/105'/0'/0/19",
              "transactions": []
            }
          ],
          "internalAddresses": [
            {
              "index": 0,
              "scriptPubKey": "76a914a2b470b9677125a742946b16832ad69b29e7dc0888ac",
              "pubkey": "2103a393d1d84e96f39399083a55fd91d6af2d5ea86e69362220684df2de58574f50ac",
              "address": "TQoWdMDa9VxpeiLg7Vcjjrx6QGN5J5Auaw",
              "hdPath": "m/44'/105'/0'/1/0",
              "transactions": []
            },
            {
              "index": 1,
              "scriptPubKey": "76a914af8e290edbf3239de75e878f61d6a82dfe341c0588ac",
              "pubkey": "21022414376b71307292dd8abf667ea2dc6a543c3cb29c2f369baaefbcb6993b6242ac",
              "address": "TRyTZ76VJGePPkMZiYJv6GDPF3FuGVVhq4",
              "hdPath": "m/44'/105'/0'/1/1",
              "transactions": []
            },
            {
              "index": 2,
              "scriptPubKey": "76a9144ca0e5112fcc34a3f24711ee26c261af4fc999f288ac",
              "pubkey": "210206d4153b33f0607c9f32c97a70abdd36adc4526d4b1ce748111c3176b810ad0eac",
              "address": "TGxP6oc5Wcnp63NUzfwYuFhpouX6gFRBdD",
              "hdPath": "m/44'/105'/0'/1/2",
              "transactions": []
            },
            {
              "index": 3,
              "scriptPubKey": "76a914a79ec384ea53d9822c952ee43fb48081633db0a888ac",
              "pubkey": "21025533b8977742f54cb320c38982c95d5a7a69fbf951f6c6f173ee1c7150f84ad6ac",
              "address": "TRFW3CABRfNowHieNfoAZZo5j4LVXoe8zR",
              "hdPath": "m/44'/105'/0'/1/3",
              "transactions": []
            },
            {
              "index": 4,
              "scriptPubKey": "76a914129828d217a74364104784592bdc355218693dcf88ac",
              "pubkey": "2103b30c854a36ece2c50ed568ce32122b2f83e785e9043143a394b0fc5e20dcf606ac",
              "address": "TBfXSjf626g33nGrxhVcZXTpUvH81zhfPY",
              "hdPath": "m/44'/105'/0'/1/4",
              "transactions": []
            },
            {
              "index": 5,
              "scriptPubKey": "76a9141634277d7bee5b6c34172c8ae9af8f61bc38ff1888ac",
              "pubkey": "210342b0657e6ce2f12407779bd5257643dbf9feac95904128b94de5fe0a6a872573ac",
              "address": "TBzcM29ovaeZTCPb8aZ1uti2xuGLD1Vbjt",
              "hdPath": "m/44'/105'/0'/1/5",
              "transactions": []
            },
            {
              "index": 6,
              "scriptPubKey": "76a914dcc617b032584ee8641bab97d2ad4ee34b862f3f88ac",
              "pubkey": "2102215998eaf71b29ddefc001368fd6c9eddbcc03fd2043da0818edf5b021a7ac29ac",
              "address": "TW6YxyLVrQitMk4d6fnWU6VcvNM9CZiCYk",
              "hdPath": "m/44'/105'/0'/1/6",
              "transactions": []
            },
            {
              "index": 7,
              "scriptPubKey": "76a914dae39064eebf8ba846eb53167752547b97f15fe688ac",
              "pubkey": "2103cc33ab7308328ba7e2bc7fd0fdef5c17b34649009e0459312a3e485da94d25bdac",
              "address": "TVvavJdNG1ZXrjuLBGRpWnjEcDYqLdGkYZ",
              "hdPath": "m/44'/105'/0'/1/7",
              "transactions": []
            },
            {
              "index": 8,
              "scriptPubKey": "76a9143b031ec14fa8be9a76a32f1bf7a9646bcb96f9a088ac",
              "pubkey": "210243b0915a1d212d24838b931a1d37a420ecf766f1533145756b614338b76e2bc9ac",
              "address": "TFMEcAhAEj1LKHRbiy9qHD8tR4q8EGtfci",
              "hdPath": "m/44'/105'/0'/1/8",
              "transactions": []
            },
            {
              "index": 9,
              "scriptPubKey": "76a9147d172bb8b8ffd35a587ab5c29f78387648d0351788ac",
              "pubkey": "2103ba68d6b8671d1846b2b00fe890e41cbb517a5950067ff187e2b304fab212bb46ac",
              "address": "TMNdDyMBhWQU2K8Bxkcg63fbF3HSkaifUb",
              "hdPath": "m/44'/105'/0'/1/9",
              "transactions": []
            },
            {
              "index": 10,
              "scriptPubKey": "76a9141dd8b6ae1160832c4962204f1c75a3b68d83ffa488ac",
              "pubkey": "21038648b3d7ce98e47897799e0db3a9d64c42c363f57f3cff2bf4ce2e97ea8dd575ac",
              "address": "TCh2D9TD6njVB4AhpEqEtdJS2HT2sennXp",
              "hdPath": "m/44'/105'/0'/1/10",
              "transactions": []
            },
            {
              "index": 11,
              "scriptPubKey": "76a914fd6f8fdf3afdff2136e2a902d998aa7e9f9b748688ac",
              "pubkey": "2103dc7ee88d981d1b1be62718e6e5c93e8011096c8587248ac90bd3497597b49b7dac",
              "address": "TZ5Fc4BnQt7xvmHMDazDLg2QLVDjN1pR6z",
              "hdPath": "m/44'/105'/0'/1/11",
              "transactions": []
            },
            {
              "index": 12,
              "scriptPubKey": "76a9146d1292daa1e489c999d55489acadcde1fdbf28f588ac",
              "pubkey": "2102d06a8ad829e27e7032da4f08b2d0efd6882805eb23b55e13e18c1807f853b66eac",
              "address": "TKuvuVGhVi3DgJqJLvjwNfaRCSCGeVFA3a",
              "hdPath": "m/44'/105'/0'/1/12",
              "transactions": []
            },
            {
              "index": 13,
              "scriptPubKey": "76a9146a019a6ac41669c412cb52e589d908019fe3827088ac",
              "pubkey": "2103621d569a1b9ebfc4c4823a92cb3d81999123e9b2544f24b9c4a43f82e823a123ac",
              "address": "TKdiYnU5ywo6tvHHCPRxfuQf9gyaM9GtLy",
              "hdPath": "m/44'/105'/0'/1/13",
              "transactions": []
            },
            {
              "index": 14,
              "scriptPubKey": "76a914eaa26ad9661f4fd4c6569aa8325ddebe90292e2188ac",
              "pubkey": "2103c332a43949983cd47008291c93f23529ffca3ae537f34b6feb81722409e47bc5ac",
              "address": "TXMqguRfePfcy4ytMF8prJtLRziWcrSgr1",
              "hdPath": "m/44'/105'/0'/1/14",
              "transactions": []
            },
            {
              "index": 15,
              "scriptPubKey": "76a914c88d414e6baff45958a9f4830989613e560de2af88ac",
              "pubkey": "2102281b30cc3caaad770d9034801e11c55c2f53868b3f7e31b7d5fa0abb99a8ceeeac",
              "address": "TUFdN13wYKZN2qSvdg62oNUjqpMigmtPBd",
              "hdPath": "m/44'/105'/0'/1/15",
              "transactions": []
            },
            {
              "index": 16,
              "scriptPubKey": "76a9149b47d8eee77208cddc834499aaf6364df4d6a32688ac",
              "pubkey": "2102ea4001ed5c26d7bef2ba893fe65e865b5529dce03eb6dea93f7ef3b9592af57dac",
              "address": "TQ8FoqWobKuffc33TJseQWtgVT6LjhsLqS",
              "hdPath": "m/44'/105'/0'/1/16",
              "transactions": []
            },
            {
              "index": 17,
              "scriptPubKey": "76a914841a017b3f7713b221f16d64d65cd6a2ffaef21188ac",
              "pubkey": "2102d7150b769c339273e840436f078ee562c2f73d04bcdf2442a06e55b384635ba6ac",
              "address": "TN1hMJ2VViMqVZMCfLNBJq1VR9FupZHccr",
              "hdPath": "m/44'/105'/0'/1/17",
              "transactions": []
            },
            {
              "index": 18,
              "scriptPubKey": "76a914b4265fbb2d267184f604b8827b6e88f0ba932d2c88ac",
              "pubkey": "21028de02b09d6ff1e491fb9b25fc3891975950df6050ce7cd53217d759a926a55d7ac",
              "address": "TSPkbrg3sGmX6GEkTDtuo4Dkxame9FoiaH",
              "hdPath": "m/44'/105'/0'/1/18",
              "transactions": []
            },
            {
              "index": 19,
              "scriptPubKey": "76a914871b75566271a97e0e8c29c3f89681a68ee1be0888ac",
              "pubkey": "210294a27b065c1af483575934d7ab7ed49cbdc0d841c6aba1c1147c40db7ec65786ac",
              "address": "TNHb7o6ssxH7BqwTZMTSYAJHhQvBLsUnXu",
              "hdPath": "m/44'/105'/0'/1/19",
              "transactions": []
            }
          ]
        }
      ]
    }
  ]
}